idx,r,g,b,h,s,v,L,a,b_lab,pixels,proportion
1,232,24,32,179,229,232,126,200,180,80701,0.5202555473897291
2,184,120,80,12,144,184,144,149,160,74417,0.4797444526102709
