idx,r,g,b,h,s,v,L,a,b_lab,pixels,proportion
1,216,128,152,172,104,216,162,165,130,113235,0.999073583906829
2,16,16,16,0,0,16,12,128,128,105,0.0009264160931709899
