idx,r,g,b,h,s,v,L,a,b_lab,pixels,proportion
1,208,120,136,175,108,208,154,164,134,59415,0.5759667303236814
2,232,152,224,153,88,232,186,169,104,43742,0.4240332696763186
